Network Family,#Networks,Subsample Size,#Bootstraps,Metric,Candidate Threshold,MSE
network_family_1,3,3,1000,Mean,0.0023679773727326254,0.0002490280142830968
network_family_1,3,3,1000,Median,1.8352167780585886e-05,5.280331881025663e-08
network_family_1,3,3,1000,75%,0.0005613424394270569,9.4892952248992e-05
network_family_1,3,3,1000,90%,0.005775709448496666,0.0009682957926458474
network_family_1,3,3,1000,95%,0.018232453134672207,0.013934449773454581
network_family_2,1,1,1000,Mean,0.0022543246402036425,0.002537867751528752
network_family_2,1,1,1000,Median,0.001558116474011344,0.0012123720345801252
network_family_2,1,1,1000,75%,0.0029344487220786053,0.004300204615314378
network_family_2,1,1,1000,90%,0.004512908043576018,0.010170657740959906
network_family_2,1,1,1000,95%,0.005519639037810539,0.015214490955196114
network_family_3,1,1,1000,Mean,0.0019545328969803604,0.0017242199847412273
network_family_3,1,1,1000,Median,0.0002541584409809436,2.915518363764202e-05
network_family_3,1,1,1000,75%,0.0014461272956895585,0.0009438864520807253
network_family_3,1,1,1000,90%,0.003410845226764183,0.005250863534118034
network_family_3,1,1,1000,95%,0.003568838788284647,0.005748579825395883
network_family_4,3,3,1000,Mean,0.003656358871877621,0.00020186040601832074
network_family_4,3,3,1000,Median,4.511567816746643e-05,9.9838334058189e-07
network_family_4,3,3,1000,75%,0.0008925808721162959,4.9379775750157724e-05
network_family_4,3,3,1000,90%,0.003717695586668031,0.0029219431383500304
network_family_4,3,3,1000,95%,0.021126334720146404,0.007203299256569021
network_family_5,4,4,1000,Mean,0.0018885377111526754,9.086229167366581e-05
network_family_5,4,4,1000,Median,1.3866140751804503e-06,1.2712039337569848e-06
network_family_5,4,4,1000,75%,0.000306922121056897,2.5618054728520104e-05
network_family_5,4,4,1000,90%,0.0023205070220570713,0.00021484308760741814
network_family_5,4,4,1000,95%,0.0050911103019313595,0.00734676452324181
network_family_6,1,1,1000,Mean,0.002009028588437952,0.0007509099467222919
network_family_6,1,1,1000,Median,9.089201197640744e-05,1.5369758994422363e-06
network_family_6,1,1,1000,75%,0.0007585290346842406,0.0001070434362021298
network_family_6,1,1,1000,90%,0.0032307835773031763,0.0019419200991213953
network_family_6,1,1,1000,95%,0.00637126671829601,0.0075520906784967345
network_family_7,1,1,1000,Mean,0.001755861548115957,0.0006386318046625067
network_family_7,1,1,1000,Median,0.00025105463208706385,1.3055890053009513e-05
network_family_7,1,1,1000,75%,0.001927958592818054,0.0007699551196979812
network_family_7,1,1,1000,90%,0.0033688364783924308,0.00235087679276881
network_family_7,1,1,1000,95%,0.007971380671138716,0.013162461234217441
network_family_8,1,1,1000,Mean,0.0026001683510251962,0.0005624306852335104
network_family_8,1,1,1000,Median,6.711754043744511e-06,3.747469765586082e-09
network_family_8,1,1,1000,75%,0.000165350340032715,2.274449277683817e-06
network_family_8,1,1,1000,90%,0.0017250293683636177,0.0002475477925394131
network_family_8,1,1,1000,95%,0.008018283062766508,0.0053484610676476
