Network Family,#Networks,#Valid Thresholds,Normalized c_K Values,Normalized c_K+1 Values,Min Normalized c_K,Max Normalized c_K+1,Interval Overlaps?,Family Threshold Mode,Normalized Threshold,Global Normalization Factor,Raw Threshold,Threshold
network_family_01,1,1,[0.014385706013361121],[0.00489799606293479],0.014385706013361121,0.00489799606293479,True,common_interval,0.008394112902265499,6.457799151480093,0.05420749517767824,0.05420749517767824
network_family_02,1,1,[0.0035397587392402576],[0.0008197903486553482],0.0035397587392402576,0.0008197903486553482,True,common_interval,0.0017034846788267827,6.457799151480093,0.011000761913486937,0.011000761913486937
network_family_03,1,1,[0.006022762344880978],[0.005668143736515979],0.006022762344880978,0.005668143736515979,True,common_interval,0.005842763272772687,6.457799151480093,0.03773139170521051,0.03773139170521051
network_family_04,2,2,"[0.001427264404617993, 4.734806803854547e-05]","[0.0011103937035788426, 3.149842751471736e-05]",4.734806803854547e-05,0.0011103937035788426,False,approximate_common_interval,0.0002292923823999034,6.457799151480093,0.0014807241525029453,0.0014807241525029453
network_family_05,1,1,[1.9915720946770424e-05],[1.5119887617540195e-05],1.9915720946770424e-05,1.5119887617540195e-05,True,common_interval,1.7352909339285446e-05,6.457799151480093,0.00011206160320694854,0.00011206160320694854
network_family_06,1,1,[0.0001405193796735945],[0.00011388446551794507],0.0001405193796735945,0.00011388446551794507,True,common_interval,0.0001265028634025353,6.457799151480093,0.0008169300839406946,0.0008169300839406946
network_family_07,1,1,[8.410582162852648e-06],[8.013293256600164e-06],8.410582162852648e-06,8.013293256600164e-06,True,common_interval,8.209534781561544e-06,6.457799151480093,5.3015526746414444e-05,5.3015526746414444e-05
network_family_08,2,2,"[3.369125557765422e-06, 5.714185131809789e-05]","[3.049546292086883e-06, 1.8629538583949107e-05]",3.369125557765422e-06,1.8629538583949107e-05,False,approximate_common_interval,7.922452560448688e-06,6.457799151480093,5.116160742250683e-05,5.116160742250683e-05
network_family_09,2,2,"[6.0026900568653244e-05, 6.994146059893707e-06]","[4.356550563553372e-05, 5.650729825612766e-06]",6.994146059893707e-06,4.356550563553372e-05,False,approximate_common_interval,1.7455758636852345e-05,6.457799151480093,0.00011272578331350637,0.00011272578331350637
network_family_10,1,1,[0.0005686779807201585],[0.00039259678174269634],0.0005686779807201585,0.00039259678174269634,True,common_interval,0.0004725051799490343,6.457799151480093,0.0030513435501448223,0.0030513435501448223
network_family_11,1,1,[6.379573842856359e-11],[5.6704384443152e-12],6.379573842856359e-11,5.6704384443152e-12,True,common_interval,1.901972154814059e-11,6.457799151480093,1.2282554167496995e-10,1.2282554167496995e-10
