Network,K
n500mu0.4on100om2inst1,11,0.000107,0.000102,7.6e-05,5.5e-05,4.1e-05,4e-05,4.3e-05,3e-05,1.5e-05,9e-06,9e-06
n500mu0.4on100om2inst2,13,0.000108,0.000126,0.000122,9.8e-05,8.5e-05,8.7e-05,5.8e-05,5.4e-05,4.3e-05,6.4e-05,4.9e-05,1.7e-05,2.6e-05
n500mu0.4on100om3inst1,12,8.6e-05,7.2e-05,6.2e-05,5.7e-05,5.5e-05,3.8e-05,2.7e-05,2.4e-05,1.3e-05,1.2e-05,7e-06,8e-06
n500mu0.4on100om3inst2,15,0.000115,8.4e-05,7.5e-05,6.6e-05,6.2e-05,5.9e-05,5.5e-05,4.9e-05,3.9e-05,4.7e-05,5e-05,2.6e-05,1.1e-05,4e-06,1.1e-05
n500mu0.4on50om2inst1,11,0.000133,0.00011,0.000113,8.9e-05,6.9e-05,5.8e-05,5e-05,4.1e-05,2.8e-05,2e-05,7e-06
n500mu0.4on50om2inst2,11,0.000123,0.000111,0.000111,0.00011,8.6e-05,6.7e-05,6.3e-05,7.1e-05,6.7e-05,3.1e-05,9e-06
n500mu0.4on50om3inst1,13,0.000123,0.000103,8.5e-05,6.6e-05,5e-05,4.5e-05,4.3e-05,3.8e-05,2.9e-05,1.8e-05,1.3e-05,8e-06,5e-06
n500mu0.4on50om3inst2,11,0.000116,8.3e-05,7.8e-05,5.9e-05,5.4e-05,4.6e-05,4.5e-05,3.1e-05,1.8e-05,1.5e-05,1.1e-05
n500mu0.5on100om2inst1,8,6.6e-05,4.5e-05,3.9e-05,3.1e-05,2.6e-05,2.5e-05,1.8e-05,1.2e-05
n500mu0.5on100om2inst2,13,6.7e-05,6e-05,4.9e-05,4e-05,3.4e-05,2.9e-05,2.3e-05,1.8e-05,1.8e-05,1.2e-05,7e-06,2.1e-05,5e-06
n500mu0.5on100om3inst1,11,5.3e-05,4.7e-05,3.4e-05,3e-05,4.1e-05,2.8e-05,2.3e-05,1.7e-05,1.2e-05,1.3e-05,6e-06
n500mu0.5on100om3inst2,10,5.6e-05,4.5e-05,4e-05,3.2e-05,2.7e-05,2.5e-05,1.5e-05,1.3e-05,1.1e-05,8e-06
n500mu0.5on50om2inst1,11,7.4e-05,7.4e-05,6.9e-05,5.4e-05,4.9e-05,3.5e-05,3e-05,1.8e-05,2.9e-05,2.1e-05,1.5e-05
n500mu0.5on50om2inst2,9,7.7e-05,7.2e-05,6.4e-05,5.1e-05,3.6e-05,3.1e-05,3.4e-05,1.3e-05,1e-05
n500mu0.5on50om3inst1,11,7.2e-05,6.9e-05,6.7e-05,5.7e-05,4.6e-05,4.4e-05,3.5e-05,2.4e-05,2.3e-05,9e-06,1.5e-05
n500mu0.5on50om3inst2,11,8.2e-05,8.4e-05,6.8e-05,6.1e-05,4.9e-05,4e-05,3.7e-05,3.2e-05,3.2e-05,1.4e-05,8e-06
n500mu0.6on100om2inst1,10,4.4e-05,3.6e-05,3e-05,2.4e-05,2e-05,1.5e-05,1.6e-05,1.2e-05,9e-06,6e-06
n500mu0.6on100om2inst2,12,5.1e-05,4.2e-05,3.5e-05,2.5e-05,2.2e-05,1.9e-05,1.7e-05,1.3e-05,1.3e-05,8e-06,7e-06,5e-06
n500mu0.6on100om3inst1,13,4.8e-05,4.4e-05,3.6e-05,2.6e-05,1.9e-05,1.5e-05,1.3e-05,1.3e-05,1e-05,8e-06,6e-06,3e-06,4e-06
n500mu0.6on100om3inst2,13,4.5e-05,4.1e-05,3.3e-05,2.5e-05,2.2e-05,1.7e-05,1.3e-05,1.1e-05,1.2e-05,6e-06,5e-06,4e-06,6e-06
n500mu0.6on50om2inst1,10,4.6e-05,3.7e-05,2.8e-05,2.3e-05,1.9e-05,1.6e-05,1.4e-05,1.1e-05,9e-06,7e-06
n500mu0.6on50om2inst2,9,7.2e-05,4.2e-05,4.3e-05,2.7e-05,2.4e-05,1.8e-05,1.6e-05,1.3e-05,1.3e-05
n500mu0.6on50om3inst1,13,5.1e-05,4.5e-05,3.6e-05,3e-05,3e-05,2.5e-05,2e-05,1.3e-05,1.1e-05,1e-05,7e-06,5e-06,4e-06
n500mu0.6on50om3inst2,12,4.6e-05,4.2e-05,3.8e-05,2.9e-05,2.5e-05,2.2e-05,1.8e-05,1.1e-05,9e-06,7e-06,7e-06,4e-06
n600mu0.4on120om2inst1,15,8.4e-05,8.7e-05,5.9e-05,5.4e-05,4.9e-05,3.9e-05,3.4e-05,3.1e-05,3.6e-05,1.7e-05,1.3e-05,1.1e-05,8e-06,6e-06,3e-06
n600mu0.4on120om2inst2,13,7.9e-05,7.1e-05,7.1e-05,6e-05,5.9e-05,4.6e-05,3.9e-05,2.8e-05,2.9e-05,1.3e-05,1.1e-05,5e-06,4e-06
n600mu0.4on120om3inst1,17,9e-05,6.5e-05,6.2e-05,5.5e-05,4.8e-05,4.2e-05,4.1e-05,2.5e-05,2.1e-05,1.8e-05,9e-06,8e-06,5e-06,5e-06,4e-06,3e-06,4e-06
n600mu0.4on120om3inst2,18,7.9e-05,7e-05,5.5e-05,4.8e-05,4.6e-05,4.1e-05,3.9e-05,2.8e-05,2.5e-05,1.5e-05,1.1e-05,8e-06,2.1e-05,9e-06,7e-06,4e-06,2e-06,1e-06
n600mu0.4on60om2inst1,13,9.4e-05,7e-05,6.9e-05,5.7e-05,4.8e-05,4.7e-05,4.6e-05,2.3e-05,1.1e-05,1.3e-05,9e-06,1.3e-05,3e-06
n600mu0.4on60om2inst2,13,0.000104,9.5e-05,7.6e-05,6.9e-05,8.2e-05,5.8e-05,6.8e-05,5.6e-05,4.8e-05,6e-05,2.8e-05,2e-05,5e-06
n600mu0.4on60om3inst1,16,0.000111,8.7e-05,6.5e-05,5.3e-05,4.7e-05,3.7e-05,3.3e-05,2.5e-05,2.5e-05,2e-05,1e-05,5e-06,5e-06,8e-06,2e-06,1e-06
n600mu0.4on60om3inst2,17,8.6e-05,8.4e-05,8.1e-05,5.3e-05,6e-05,3.8e-05,3.2e-05,2.4e-05,1.9e-05,2e-05,7e-06,7e-06,4e-06,9e-06,3e-06,2e-06,0.0
n600mu0.5on120om2inst1,14,6.2e-05,5.4e-05,3.5e-05,3.5e-05,2.4e-05,2.8e-05,2.6e-05,1.9e-05,1.3e-05,1e-05,1.4e-05,6e-06,6e-06,4e-06
n600mu0.5on120om2inst2,14,6.8e-05,4.9e-05,4.4e-05,3.8e-05,3.3e-05,2.7e-05,2.3e-05,1.8e-05,1.6e-05,1.2e-05,9e-06,8e-06,4e-06,4e-06
n600mu0.5on120om3inst1,16,6.1e-05,5e-05,5.1e-05,3.8e-05,2.9e-05,2.5e-05,2.3e-05,1.9e-05,1.5e-05,1.6e-05,9e-06,9e-06,5e-06,4e-06,4e-06,2e-06
n600mu0.5on120om3inst2,16,7.2e-05,5.2e-05,4.5e-05,4.1e-05,2.4e-05,1.9e-05,1.9e-05,1.7e-05,1.1e-05,8e-06,6e-06,6e-06,7e-06,4e-06,7e-06,3e-06
n600mu0.5on60om2inst1,13,6.9e-05,6.3e-05,4.9e-05,4.8e-05,4.3e-05,3.4e-05,3.3e-05,2.3e-05,2.3e-05,1.3e-05,1e-05,6e-06,5e-06
n600mu0.5on60om2inst2,14,7.2e-05,6.4e-05,5e-05,3.6e-05,2.9e-05,2.6e-05,2.5e-05,2.5e-05,1.6e-05,1.2e-05,8e-06,5e-06,4e-06,4e-06
n600mu0.5on60om3inst1,11,6.1e-05,4.9e-05,4.3e-05,3.7e-05,3.2e-05,2.6e-05,2.2e-05,1.4e-05,2e-05,8e-06,5e-06
n600mu0.5on60om3inst2,16,6.1e-05,5.3e-05,4.4e-05,4e-05,3e-05,3.4e-05,2.3e-05,2e-05,1.7e-05,1.1e-05,9e-06,7e-06,5e-06,4e-06,3e-06,3e-06
n600mu0.6on120om2inst1,15,5.8e-05,4.8e-05,3.2e-05,2.9e-05,2e-05,1.6e-05,1.4e-05,1.1e-05,9e-06,8e-06,6e-06,5e-06,4e-06,4e-06,2e-06
n600mu0.6on120om2inst2,16,4.6e-05,3.3e-05,2.8e-05,2.5e-05,2e-05,1.8e-05,1.3e-05,1.1e-05,9e-06,7e-06,5e-06,4e-06,4e-06,3e-06,3e-06,1e-06
n600mu0.6on120om3inst1,17,4.1e-05,3.4e-05,2.9e-05,2.5e-05,1.9e-05,1.5e-05,1.2e-05,1.2e-05,8e-06,7e-06,5e-06,4e-06,4e-06,3e-06,2e-06,1e-06,1e-06
n600mu0.6on120om3inst2,15,5.2e-05,4.1e-05,3.4e-05,2.5e-05,1.8e-05,1.5e-05,1.3e-05,1.1e-05,8e-06,7e-06,6e-06,4e-06,3e-06,2e-06,2e-06
n600mu0.6on60om2inst1,14,4.6e-05,4.4e-05,2.8e-05,2.2e-05,2.2e-05,1.8e-05,1.1e-05,9e-06,8e-06,6e-06,5e-06,4e-06,3e-06,6e-06
n600mu0.6on60om2inst2,13,4e-05,3.7e-05,3.2e-05,2.4e-05,1.7e-05,1.7e-05,1.2e-05,1e-05,8e-06,6e-06,5e-06,4e-06,4e-06
n600mu0.6on60om3inst1,12,6e-05,3.7e-05,3.1e-05,2.4e-05,1.8e-05,1.6e-05,1.3e-05,1.1e-05,9e-06,7e-06,6e-06,5e-06
n600mu0.6on60om3inst2,14,4.7e-05,3.6e-05,3.5e-05,2.3e-05,2e-05,1.8e-05,1.4e-05,1.2e-05,1e-05,1e-05,8e-06,6e-06,4e-06,3e-06
n700mu0.4on140om2inst1,15,9e-05,8.4e-05,6e-05,5.6e-05,5.6e-05,4.9e-05,4.4e-05,3.4e-05,3.2e-05,2.9e-05,2.4e-05,1e-05,9e-06,7e-06,4e-06
n700mu0.4on140om2inst2,14,7.2e-05,7e-05,6.4e-05,5e-05,3.9e-05,5.4e-05,4.2e-05,3.7e-05,4.1e-05,2.7e-05,1.9e-05,7e-06,5e-06,3e-06
n700mu0.4on140om3inst1,20,6e-05,5.8e-05,4.9e-05,4.5e-05,4e-05,3.8e-05,3.3e-05,2.9e-05,2.6e-05,1.9e-05,1.7e-05,1.3e-05,1.2e-05,7e-06,6e-06,2e-06,2e-06,1e-06,4e-06,4e-06
n700mu0.4on140om3inst2,20,0.000105,8.8e-05,5.4e-05,5.1e-05,4.3e-05,4.2e-05,3.4e-05,2.8e-05,2.1e-05,2.2e-05,2.5e-05,1.4e-05,1.1e-05,9e-06,6e-06,2e-06,3e-06,2e-06,1e-06,1e-06
n700mu0.4on70om2inst1,18,0.000105,9.8e-05,6.8e-05,5.2e-05,4.1e-05,3.5e-05,3.6e-05,2.7e-05,2.6e-05,1.6e-05,1.7e-05,6e-06,9e-06,2e-06,2e-06,2e-06,7e-06,1e-06
n700mu0.4on70om2inst2,18,8.7e-05,6.6e-05,6.6e-05,6.1e-05,5e-05,3.6e-05,2.9e-05,2.5e-05,1.8e-05,2.3e-05,1.3e-05,5e-06,7e-06,2e-06,6e-06,1e-06,3e-06,2e-06
n700mu0.4on70om3inst1,15,9e-05,8e-05,5.7e-05,5e-05,5.4e-05,4.3e-05,3.5e-05,3.4e-05,2.6e-05,2.2e-05,1e-05,5e-06,4e-06,4e-06,3e-06
n700mu0.4on70om3inst2,17,0.000123,8.1e-05,7.7e-05,6.7e-05,7.4e-05,6.9e-05,4.6e-05,4.5e-05,3.5e-05,2.8e-05,2.1e-05,1.1e-05,1.2e-05,7e-06,7e-06,2e-06,1e-06
n700mu0.5on140om2inst1,16,5.1e-05,4.8e-05,3.9e-05,3.6e-05,3.1e-05,2.6e-05,2.3e-05,1.8e-05,1.7e-05,1.2e-05,9e-06,6e-06,5e-06,4e-06,2e-06,2e-06
n700mu0.5on140om2inst2,18,5.2e-05,4.3e-05,3.3e-05,2.8e-05,2.5e-05,2.1e-05,1.9e-05,1.4e-05,1.3e-05,1.1e-05,1e-05,7e-06,7e-06,4e-06,2e-06,2e-06,2e-06,1e-06
n700mu0.5on140om3inst1,23,5.1e-05,4.1e-05,3.7e-05,3.2e-05,2.4e-05,2e-05,1.7e-05,1.4e-05,1.4e-05,1.1e-05,1e-05,8e-06,6e-06,3e-06,4e-06,2e-06,2e-06,1e-06,1e-06,1e-06,1e-06,0.0,0.0
n700mu0.5on140om3inst2,19,5.7e-05,4.9e-05,4.2e-05,3.8e-05,3.2e-05,2.9e-05,2.4e-05,2.1e-05,1.9e-05,1.6e-05,1.4e-05,1.3e-05,7e-06,8e-06,4e-06,3e-06,3e-06,2e-06,1e-06
n700mu0.5on70om2inst1,11,6.2e-05,4e-05,3.3e-05,2.7e-05,2.7e-05,2.4e-05,1.9e-05,2.3e-05,9e-06,6e-06,4e-06
n700mu0.5on70om2inst2,15,6.5e-05,5.5e-05,5.5e-05,4e-05,3.6e-05,2.9e-05,2.5e-05,2e-05,1.7e-05,2.3e-05,1.1e-05,1.2e-05,7e-06,5e-06,4e-06
n700mu0.5on70om3inst1,19,5.7e-05,4.9e-05,4.4e-05,4.4e-05,3.6e-05,2.6e-05,2.1e-05,1.7e-05,2e-05,1.4e-05,7e-06,6e-06,5e-06,6e-06,4e-06,5e-06,3e-06,1e-06,2e-06
n700mu0.5on70om3inst2,16,5.1e-05,4.5e-05,3.8e-05,3e-05,2.5e-05,1.9e-05,1.7e-05,1.2e-05,1.3e-05,1.4e-05,9e-06,5e-06,5e-06,3e-06,2e-06,1e-06
n700mu0.6on140om2inst1,18,4e-05,3.4e-05,2.6e-05,2.3e-05,2.2e-05,1.4e-05,1e-05,8e-06,6e-06,6e-06,9e-06,3e-06,3e-06,2e-06,2e-06,1e-06,1e-06,1e-06
n700mu0.6on140om2inst2,18,4.2e-05,3.7e-05,2.4e-05,2.1e-05,1.7e-05,1.5e-05,1.2e-05,1e-05,8e-06,7e-06,5e-06,4e-06,5e-06,3e-06,2e-06,1e-06,1e-06,1e-06
n700mu0.6on140om3inst1,24,3.2e-05,2.7e-05,2.2e-05,1.8e-05,1.4e-05,1.2e-05,1e-05,8e-06,6e-06,5e-06,4e-06,3e-06,2e-06,3e-06,2e-06,1e-06,2e-06,1e-06,1e-06,1e-06,0.0,0.0,0.0,0.0
n700mu0.6on140om3inst2,20,3.7e-05,3e-05,2.3e-05,1.9e-05,1.4e-05,1.1e-05,1.2e-05,9e-06,6e-06,5e-06,3e-06,3e-06,2e-06,2e-06,1e-06,2e-06,1e-06,1e-06,1e-06,0.0
n700mu0.6on70om2inst1,13,4.4e-05,2.8e-05,2.3e-05,2.1e-05,1.7e-05,1.3e-05,1e-05,9e-06,8e-06,6e-06,4e-06,5e-06,3e-06
n700mu0.6on70om2inst2,12,4.4e-05,3.6e-05,3.4e-05,2.6e-05,2e-05,1.7e-05,1.3e-05,1.1e-05,9e-06,7e-06,9e-06,5e-06
n700mu0.6on70om3inst1,16,4.2e-05,3.6e-05,3e-05,2.2e-05,2e-05,1.4e-05,1.2e-05,1e-05,8e-06,7e-06,5e-06,4e-06,3e-06,4e-06,3e-06,2e-06
n700mu0.6on70om3inst2,16,4.3e-05,3.5e-05,3.1e-05,2.4e-05,2.5e-05,2e-05,1.5e-05,1.3e-05,1e-05,6e-06,7e-06,5e-06,4e-06,2e-06,2e-06,4e-06
