Network,FADDIS's Epsilon,K' | K,|K'-K|/K,ONMI,Omega
n500mu0.3on200om3inst1,2.9e-05,20 | 17,0.17647058823529413,0.29238947780916397,0.3234325601479664
n700mu0.3on210om2inst2,2.9e-05,15 | 15,0.0,0.450618897208304,0.4581240860250499
n500mu0.3on200om2inst1,2.9e-05,14 | 12,0.16666666666666666,0.4817138111050458,0.49209938341261367
n700mu0.2on210om3inst1,2.9e-05,27 | 26,0.038461538461538464,0.3968493079580772,0.38224592881738245
n700mu0.1on210om3inst2,2.9e-05,24 | 22,0.09090909090909091,0.6739630663890689,0.6135960424046425
n600mu0.3on180om2inst1,2.9e-05,22 | 16,0.375,0.38286137794665914,0.319003804040793
n700mu0.2on280om2inst1,2.9e-05,21 | 19,0.10526315789473684,0.4810508148495581,0.49636731317253113
n500mu0.1on200om2inst1,2.9e-05,14 | 12,0.16666666666666666,0.4779455069609375,0.4760565617991082
n600mu0.3on180om3inst2,2.9e-05,21 | 18,0.16666666666666666,0.5030610150302266,0.5336007192279357
n500mu0.2on200om2inst2,2.9e-05,17 | 15,0.13333333333333333,0.5919794189020576,0.6010867121757725
