Network Family,Mean,Median,75%,90%,95%
network_family_1,0.0027127074390871156,3.716699150208118e-05,0.001971822430220748,0.005752141171649799,0.013661838568945268
network_family_10,0.0027563306979324796,4.136841995591269e-06,1.9626512784652307e-05,0.00014437359319525254,0.0006927124200872452
network_family_11,0.0018998899406725606,4.0342262033492405e-05,0.00022264491778810152,0.0008984219902773692,0.011529637494030166
network_family_12,0.0025545352926282126,4.458570589060246e-06,4.44178830145742e-05,0.005286153337707848,0.014900589879402796
network_family_13,0.0025263354988121346,4.10862570879085e-06,3.999934634764076e-05,0.001273867935130621,0.0034005147213941557
network_family_14,0.0011584953835988851,1.8549954759112785e-05,0.00010028826207035599,0.0012586695751742542,0.0021140505038001016
network_family_15,0.0009994500114263753,2.8281885283875682e-05,0.00011086212585581286,0.0027706059110341186,0.004426706514945753
network_family_2,0.00044707389964027724,2.8990936476123903e-05,0.0001878743378922576,0.0010729179912856701,0.002150094501282389
network_family_3,0.009471483240082653,0.0018450887628513922,0.020271444728132068,0.026368171632173375,0.02653733746113382
network_family_4,0.0006100818623486277,1.747609306989205e-10,0.00014007037384080177,0.0008961413365727405,0.005404848068082429
network_family_5,0.00019170670799660916,5.1754782844668e-05,0.00021130708693701346,0.0005543064606489774,0.0007424283573258381
network_family_6,0.003568314724504864,9.065862896737809e-07,6.951064747279027e-06,0.00011706924300487702,0.002265749903105892
network_family_7,0.0011286036549946529,1.1251218304455303e-05,9.1109071365894e-05,0.0010602109280560415,0.005177733595202375
network_family_8,0.00351135143824664,3.337014448110308e-05,0.0011803632951196223,0.008771541981397683,0.016923537268092367
network_family_9,0.002248893824261874,0.0002494560958086882,0.0009823145394983156,0.005015344087281782,0.01241508760141668
