Network,k
n700mu0.1on210om2inst1,20,0.043028376019643724,0.01752408395433098,0.016028658783864957,0.014940575153067197,0.013183911149624214,0.01412174091136175,0.013532703353406582,0.012880753887926807,0.011641310584386836,0.009654897195554365,0.010145029400091586,0.008272345902160031,0.0053987243605978135,0.0049573934288757735,0.005471542119824351,0.00470659568413229,0.004206432007809219,0.0032728623410176105,0.002711134512449958,0.0024739738907146288
n700mu0.1on210om2inst2,18,0.045057640953404365,0.019264362140801374,0.016659471683044418,0.0158310167175745,0.014927914729018348,0.0140095268754544,0.013069527541997741,0.01013983915484583,0.012038612620536588,0.009922030713560119,0.00987482787917196,0.007376469914212919,0.00694703795477319,0.005900435265792828,0.004278687644592844,0.002980811270358492,0.0026384873985533775,0.0009721278217603404
n700mu0.1on210om5inst1,31,0.04632016192280065,0.019758884720107884,0.013337310520113728,0.012810874966604605,0.010103349798583908,0.00866467678191371,0.008117918328808659,0.007898192105699137,0.007625941300783627,0.007020174554520223,0.005878816192085727,0.008004563952526553,0.007501277411287512,0.004926692921616112,0.0033137612817471227,0.003481631900259429,0.003437001609563444,0.003148307965909111,0.0018436463858855685,0.0011289279618620178,0.0009680383082738081,0.0005527982317513348,0.00039332199234994335,0.00032475323536242405,0.00012791978205368038,3.826981662225024e-05,5.139876595860111e-05,3.207632237257374e-05,0.0002833001080747064,0.00023087379418505676,3.464512103498204e-06
n700mu0.1on210om5inst2,31,0.04372044333009936,0.017427962075762977,0.01273282188672769,0.015511894698783951,0.010516257834408026,0.012324382633558882,0.011391305494424402,0.01011933570136802,0.007859805958478721,0.006331631753442739,0.005608207330933848,0.006092719532562563,0.004764880670021748,0.003887360004866723,0.0035635537230470594,0.0032317951386833118,0.003112942448124684,0.002722242797944226,0.0022237406089437193,0.0018959950737653696,0.005069000460619372,0.0012369315114517797,0.0009617750337008766,0.0010182411770985281,0.0004236013352398923,0.0003114548759688042,0.00013833112107242533,5.676846695962831e-05,4.828046566946821e-05,6.453190934878767e-06,2.5663293673695573e-06
n700mu0.1on70om2inst1,15,0.04432663861913832,0.024610343518214346,0.02340907130793039,0.02142279774839403,0.020263706407746808,0.024636786953815104,0.02020959612707919,0.018792454489224952,0.018838270832810828,0.01993717749811266,0.018704085084750063,0.014996776465329972,0.015059185282535024,0.013048755934710065,0.007832069425961858
n700mu0.1on70om2inst2,19,0.0493859630850648,0.027686085106292835,0.028161910299436405,0.026861682350610316,0.02550054911921754,0.02418743899093754,0.022746364624729624,0.019359259279960985,0.019367581075562006,0.019363423654320817,0.01892831562859309,0.01905373445213132,0.0146492588063505,0.014046721475620697,0.013401756084965537,0.012206500069887858,0.010474036230623403,0.009929684547627153,0.009075141234105567
n700mu0.1on70om5inst1,19,0.044966201224035614,0.021471582127709683,0.020154890783061544,0.019369506844731845,0.01837281958265759,0.01647178210607356,0.016390266633720802,0.01403523174721488,0.013293262626783499,0.012470465082084737,0.01478443122778555,0.011935586718501522,0.011892490463714859,0.012610213571640307,0.011171252031206693,0.008540127047634696,0.008312054161444603,0.005404784160801707,0.00469736460090803
n700mu0.1on70om5inst2,18,0.04984458080195955,0.027618569581291653,0.026016795768698187,0.022416446547494442,0.022312663592492798,0.020156584001970013,0.021730017501282447,0.024026528328099366,0.01693348648712341,0.015779261735987763,0.013984870244069171,0.010676977753246704,0.0107338709548138,0.010045803800253527,0.012292214354238544,0.008675943125463775,0.007273384745262356,0.004960971313340891
n700mu0.4on210om2inst1,18,0.04470453355447393,0.008964282019978361,0.007912383208298535,0.006712609993923684,0.005565898562520679,0.004988210657280889,0.0047269150248585865,0.0040606487755660975,0.0037439492643394287,0.00334927126826203,0.0026862015168994747,0.0016960149030102664,0.001004999482188863,0.0008449379513831149,0.0007726768316596116,0.00034239878673765516,0.00024829754366809917,0.00018028321460536762
n700mu0.4on210om2inst2,18,0.04568380430112504,0.0074988411224549845,0.006021352016403071,0.005684189207698802,0.007463460180092521,0.004704369073368776,0.004244846889353723,0.0040964790471643125,0.0031850207170103853,0.0028337367523008955,0.0031503673505780517,0.002114152921802729,0.002216776099214546,0.0008640998145070364,0.0012676144718225628,0.0005920822123495883,0.0002326371899131359,0.00020071418849193013
n700mu0.4on210om5inst1,35,0.04260612456212109,0.005878696336925851,0.005678893269420535,0.004710363533940456,0.003890648821099005,0.003289383168922663,0.003336221046729925,0.002378962674615565,0.002236721054482943,0.00184360030330785,0.0015971325098466127,0.0016784672286056395,0.0012090192168183317,0.0011663318255145227,0.0007910306958209636,0.001206820403861491,0.0006470515044632064,0.0007785558701722367,0.0004182029556409042,0.0002964861118774974,0.00022103675275564103,0.00021467759117673957,0.00011783928089295978,5.887242275315377e-05,9.9828813158497e-06
n700mu0.4on210om5inst2,28,0.043722870339470206,0.009043553174644784,0.008024314081485935,0.006103738003193569,0.005463548674151003,0.004456007534840631,0.004348195289873492,0.003785266541469136,0.0032903535379813866,0.002803461648643566,0.0023222181027470314,0.0017424299609842537,0.0016034900947569468,0.001864893220588082,0.00106346628215585,0.00046987758187384864,0.00046026279417979383,0.0003667238695628792,0.0002492868616086201,0.0005321648391279625,0.000173064858510751,8.928216215979765e-05,0.0001523184784009667,3.1863788169600626e-05,1.4734835895111443e-05,3.5380685590246343e-06,4.0014100656659323e-07,1.9112582291212354e-07
n700mu0.4on70om2inst1,14,0.045905947606042774,0.012222920122077714,0.01072505749273772,0.009366036232810413,0.008297060022149748,0.00760271432697099,0.007917712040701458,0.007820500245602333,0.006002789128289027,0.006391591303140749,0.0053706560388958055,0.004605388612095099,0.0036942291202745284,0.001990099178081021
n700mu0.4on70om2inst2,16,0.044749375671017576,0.012866929841845124,0.010937766649534678,0.010116882613454224,0.008543251743815861,0.0074275108877626716,0.007321434444865287,0.006834320582919042,0.005414331545129843,0.005412405943231874,0.004335658718312677,0.004221139116024911,0.004479201887971578,0.0026888182496845555,0.0022771765298762563,0.000726407296960467
n700mu0.4on70om5inst1,18,0.04472834888902959,0.008825391981301034,0.007954311626102634,0.007472683349797125,0.007310963680010494,0.007037252484971219,0.006661056510502827,0.006190905401301704,0.005280227620238714,0.005155103203091627,0.004403441215347489,0.004091801316434019,0.003890786462165361,0.0037239546563827713,0.0026079374810124797,0.002468550872662311,0.0012643613647856,0.0010513850398078937
n700mu0.4on70om5inst2,23,0.041551213476409915,0.012452022108479477,0.013415154060068851,0.013305784961278959,0.008596090239232355,0.008708491674535267,0.0067758730620745946,0.0061928931211448855,0.005578068018281027,0.004878697002619799,0.005237116401966236,0.0038547129953988243,0.0036623536552104524,0.0038620520119331436,0.0035133206751567095,0.0029814418794457623,0.0022321512785022663,0.0015296029712513455,0.0013878988540984103,0.0011592685365521122,0.000390153977715384,0.00041632174780000946,0.0003913417107705745
n900mu0.1on270om2inst1,23,0.03540018556190337,0.015452324280191528,0.014355869672608832,0.013937871188281293,0.013621511584128143,0.01372700520596839,0.012451916191825034,0.011082062006243593,0.009945227950776432,0.009308441382117906,0.008971633606074595,0.00856817705619822,0.00793610670578338,0.007378719566065924,0.009964355225369361,0.007105766349926116,0.006273343084542088,0.005550254736359905,0.0032991610864882837,0.002713521481700602,0.004478900912211546,0.0016549007357333427,0.00035661177625529963
n900mu0.1on270om2inst2,22,0.03461558121844959,0.015175984252660745,0.014986922916293473,0.014267302398860562,0.014509429055240474,0.013657740726191504,0.013537664092029809,0.013052689431217786,0.012879118749021598,0.011170151466639015,0.014546692892116367,0.011347302978507817,0.008911628531884576,0.008554872970548015,0.008170405971197177,0.007219579631029603,0.00713087535835715,0.004869928564442802,0.004630084455884436,0.002509414216561876,0.0018835345311829324,0.0014530258013674745
n900mu0.1on270om5inst1,41,0.034658408982440936,0.016698778809813613,0.012853165194002706,0.011466989858689368,0.008953031709162404,0.006633978821928799,0.006503928518110205,0.0057461616271665995,0.005923618054693112,0.005095936461542547,0.004423666957340633,0.004046280119619844,0.0030969275514653397,0.003020770651631972,0.002735261686530962,0.0026997043471520066,0.002606151591071583,0.002668022848135202,0.0022188582629646303,0.0024193681983580503,0.0015661791983224821,0.0013330619076547697,0.0011920744281525824,0.001314245433149498,0.0010317630844896663,0.0007113887613728407,0.0007544057964794642,0.0006083876107102071,0.0002759073484602217,0.0002720472829437476,0.000237364785828644,9.215543566181873e-05,7.530507302866372e-05,3.79833883105148e-05,2.1014831492832482e-05,2.6657074234823217e-05,0.0006710715971918369,1.743262413228846e-05,7.689680488442485e-06,5.17008280097247e-06,5.309296239507077e-07
n900mu0.1on270om5inst2,42,0.034548269507958244,0.013245380124161118,0.013005809593666356,0.012155850868851967,0.011801869008893635,0.010275321250670778,0.009818578261767682,0.009316098692282605,0.008498429637753114,0.007358994950981746,0.007736815701612879,0.006817918554948916,0.0057901385166649645,0.005718285529092439,0.005367758370002566,0.0048447115255092505,0.005311058611827414,0.004966530255689362,0.004567483877789871,0.006257701237008669,0.0029155749456324176,0.002701245962217735,0.0027320313861983504,0.00227293779497136,0.003009125877066304,0.002115312620760692,0.001752717616164798,0.001462594454027857,0.0011879524577018967,0.0008081398825346511,0.0005673589800110207,0.0005500747443368622,0.0002716417578879046,0.00032688571384725503,7.66167515049007e-05,9.433515412395965e-05,4.009975003258969e-06,0.00025707387429076286,4.612614117184855e-05
n900mu0.1on90om2inst1,21,0.03741835559937916,0.021100192674330293,0.020516689826300467,0.021728311754984957,0.01902229564295765,0.01888104205249556,0.019644164969128665,0.0163348449506197,0.016293284120425144,0.017137383570297423,0.015134686085878502,0.014094700691563109,0.01206798678800415,0.012057504821079023,0.009697065023936286,0.009678665604534743,0.009624387843446155,0.009072864200505903,0.008947512959022585,0.008376477417669096,0.0060117443273222885
n900mu0.1on90om2inst2,18,0.03542957595840263,0.01935262849726976,0.018858250178537813,0.01824071250284854,0.017389230871584605,0.016333855838516393,0.015844505688780677,0.015775955134947426,0.01474537281529336,0.013437974058185852,0.013536559546707034,0.012851802251905659,0.011888539671920897,0.012320942836290894,0.01143962929197834,0.009585188203414884,0.010683797074346234,0.009077140720456917
n900mu0.1on90om5inst1,22,0.03426444135999116,0.019532299228888276,0.018682907752469762,0.016835540714825438,0.01656147150383483,0.015891875568629622,0.015221186681363403,0.015034986673898791,0.01476986835125619,0.016374928274764076,0.013233298439526574,0.013130344120296499,0.014609714574510529,0.011905115532268567,0.011639511312042019,0.010277388092385698,0.00996956124355156,0.009062535858609229,0.009094538285317458,0.008158490332631548,0.006571264816581673,0.0045993447920944135
n900mu0.1on90om5inst2,27,0.03832726592480491,0.022151921739958978,0.019340628544810043,0.0183334292854035,0.01562188577283457,0.013996266209698792,0.013396285812078752,0.012615798127535308,0.012278364584715235,0.011203923481255556,0.011026253781685402,0.010944126334115085,0.012605251742143093,0.01023012532942715,0.010192036258593584,0.00981840130969781,0.009126150502178337,0.009044231515999332,0.007893253352076968,0.007094401815507436,0.0058389316301100756,0.005776927779382439,0.00523117019657987,0.007309445855369454,0.004570902321914908,0.0038457213455053304,0.004080379669286333
n900mu0.4on270om2inst1,24,0.03389930556722767,0.00972359449138958,0.007727019473478312,0.006347421088955912,0.006209519729534195,0.005371795812391118,0.004150688798858027,0.0036892175741244653,0.003731841393320638,0.0027269047762022236,0.002593558532744278,0.0021591522484161628,0.002411109329519829,0.0018303589873721639,0.0015885447567217867,0.0013114509661145436,0.0006504572608489272,0.0005915877634605886,0.00042424567332976885,0.001466288634629659,0.0005279442040352116,0.00021136199491278058,0.00017709434621037207,0.00012465202609774555
n900mu0.4on270om2inst2,21,0.03459319495500127,0.004889577100338521,0.004441903052618852,0.0038446463930271635,0.0036464699742007043,0.003067989315616553,0.0027502251478430623,0.0022289228753841206,0.002031869091619187,0.001752056788540213,0.0016027049122820096,0.0011731149719647496,0.0013358023592855578,0.0008612623907136396,0.0005604804426293184,0.0003476239665835942,0.0003258887576100538,0.00017288856878669114,0.0005499212629172168,0.0001653071026950773,7.887274479372923e-05
n900mu0.4on270om5inst1,38,0.0331882717778053,0.007270415771204553,0.0062707764555576,0.00557785402175263,0.005319307743914531,0.004039976415349412,0.003166890238058349,0.0027647327576083964,0.0029026701206385573,0.002044258203538875,0.0022460169988893757,0.001871613468208489,0.0012016129155354592,0.0009637814205966432,0.0007702511798863077,0.0006867207094110665,0.0006364054341737863,0.0005517628918159846,0.0004018679616025112,0.00046540913024990197,0.0003252073953216975,0.00022627521529544376,0.0001776580469088465,0.00010259305942407465,4.218770524243904e-05,4.022921042853691e-05,1.0263001333067157e-05,2.6663170764893235e-05,0.00012636632005208725,4.3579358719077724e-06,1.4269218106802288e-06,5.463971801857622e-08
n900mu0.4on270om5inst2,40,0.036189744255025864,0.005612254829746106,0.004975782236949073,0.00529327443160794,0.00428611636302101,0.003517561005340719,0.0034285716390042957,0.002842438635259832,0.002875824007790711,0.0023043713136688447,0.0018558656984991573,0.0015303905155251386,0.0013974725532046547,0.0014848942829711633,0.0010695935773783257,0.0009364791173804008,0.0007682903930070389,0.0008638686217242535,0.0004776829757930614,0.00039465996812545974,0.0003847231327376721,0.00024343955969724062,0.00015619754324487672,0.0001150393144926559,7.836492796504207e-05,6.83464009641892e-05,7.58622786078434e-05,4.468254344437886e-05,9.283701697028388e-06
n900mu0.4on90om2inst1,21,0.0341458746326888,0.008748284680796251,0.007108089604504779,0.007011482323704883,0.007082712839049037,0.006167765820700615,0.005873092268075257,0.005210232052274225,0.0046228939210304605,0.006046900200861098,0.004914905566757663,0.0039714986999796476,0.0031801074854216956,0.0029198327940280523,0.002263432376868894,0.0025314654321782763,0.0018849250412856168,0.001523696993063543,0.000334748688279309,0.00024415213813050994,0.00018980400291067898
n900mu0.4on90om2inst2,17,0.033077160931575415,0.00893008215286294,0.00829210462637216,0.007101338342148073,0.006725345533001861,0.005923513064896638,0.005753519035842583,0.004344010641525788,0.004839072649104336,0.004497249450837665,0.005351779170555721,0.003360629678457266,0.002658245579947276,0.003287550145209225,0.002595577847109083,0.0021104279547386555,0.0014319216360035101
n900mu0.4on90om5inst1,23,0.0334295230529073,0.007821022395879,0.006922955865976779,0.00711168286031396,0.0063735090169874066,0.00648722207014174,0.005533489789359559,0.005382099462261637,0.005148503561623583,0.005093943705075914,0.004911481985221535,0.0037302200841150697,0.003551510612038135,0.003633440328049715,0.0027298460119823185,0.0021826296062992063,0.0025713005177472282,0.001788898268578647,0.0016212041178436634,0.0012672668573211032,0.0006397652556472271,0.0005279179665357938,0.0002770041431897667
n900mu0.4on90om5inst2,25,0.03369889770430961,0.010323165073951838,0.0104368724832212,0.006947045194131707,0.006527377797876479,0.005946055883285894,0.005321223063339329,0.004581459185588768,0.004422626755210773,0.004093772937699306,0.003981182354538058,0.0037809220804523322,0.0036434143244228534,0.0033807296871257064,0.0026293082345446705,0.002318347945021504,0.0019942902985277846,0.0013807528963300831,0.0013736657237978338,0.0009092009271542187,0.001462658851480982,0.00048435817091975795,0.000626812081065767,0.00013278000819434392,0.0001038950744096342
