Network Family,Network,K,First Contribution Removed?,Number of Contributions,Effective Number of Contributions,Normalized c_K,Normalized c_K+1,gap_K,ratio_K,Normalized Threshold,Global Normalization Factor,Raw Threshold,Valid Threshold?
network_family_01,zachary-karate-club,2,False,19,19,0.014385706013361121,0.00489799606293479,0.009487709950426332,2.9370595297582716,0.014385705998975415,6.457799151480093,0.09289999999362551,True
network_family_02,books-about-us-politics,3,False,6,6,0.0035397587392402576,0.0008197903486553482,0.0027199683905849096,4.317882913657506,0.003539758735700499,6.457799151480093,0.022859050959850927,True
network_family_03,us-political-blogs,2,False,69,69,0.006022762344880978,0.005668143736515979,0.0003546186083649991,1.06256344666781,0.006022762338858216,6.457799151480093,0.038893789521444844,True
network_family_04,cora,7,False,123,123,0.001427264404617993,0.0011103937035788426,0.00031687070103915025,1.285367883497415,0.0014272644031907286,6.457799151480093,0.009216986851862828,True
network_family_04,facebook-network-ego698,9,False,18,18,4.734806803854547e-05,3.149842751471736e-05,1.5849640523828106e-05,1.5031883104774835,4.7348067991197404e-05,6.457799151480093,0.0003057643132977763,True
network_family_05,email-eu-core,42,False,63,63,1.9915720946770424e-05,1.5119887617540195e-05,4.795833329230229e-06,1.317187101554029,1.9915720926854704e-05,6.457799151480093,0.00012861172570255663,True
network_family_06,american-college-football,12,False,43,43,0.0001405193796735945,0.00011388446551794507,2.6634914155649443e-05,1.233876622544736,0.00014051937953307513,6.457799151480093,0.0009074459299152017,True
network_family_07,facebook-network-ego0,22,False,43,43,3.369125557765422e-06,3.049546292086883e-06,3.1957926567853897e-07,1.1047956761659266,3.3691255543962964e-06,6.457799151480093,2.17571361464103e-05,True
network_family_07,facebook-network-ego414,7,False,27,27,8.410582162852648e-06,8.013293256600164e-06,3.972889062524842e-07,1.0495787304333655,8.410582154442066e-06,6.457799151480093,5.431385030040959e-05,True
network_family_07,facebook-network-ego3437,32,False,66,66,5.714185131809789e-05,1.8629538583949107e-05,3.8512312734148785e-05,3.0672714227785725,5.714185126095604e-05,6.457799151480093,0.0003690105985870036,True
network_family_08,facebook-network-ego1684,17,False,36,36,6.994146059893707e-06,5.650729825612766e-06,1.3434162342809413e-06,1.2377420750487325,6.994146052899561e-06,6.457799151480093,4.516679044574263e-05,True
network_family_08,socio-patterns-primary-school-day1,11,False,22,22,6.0026900568653244e-05,4.356550563553372e-05,1.6461394933119523e-05,1.3778538706938126,6.0026900508626344e-05,6.457799151480093,0.00038764166717058715,True
network_family_09,facebook-network-ego107,9,False,68,68,0.0005686779807201585,0.00039259678174269634,0.00017608119897746214,1.4485039286258434,0.0005686779801514806,6.457799151480093,0.0036724081776876444,True
network_family_10,facebook-network-ego1912,45,False,56,56,6.379573842856359e-11,5.6704384443152e-12,5.812529998424839e-11,11.25058301135795,6.379573836476786e-11,6.457799151480093,4.119800650800439e-10,True
