Network Family,#Networks,#Valid Thresholds,Median Normalized Threshold,Median Raw Threshold,Median gap_K,Median ratio_K,Threshold
network_family_01,2,2,0.004273598817914011,0.03260412854558259,0.005166646750243802,3.6274712217078884,0.03260412854558259
network_family_02,1,1,0.00494565682883388,0.03773139170521051,0.00030016994702913077,1.0625634466678102,0.03773139170521051
network_family_03,1,1,0.00010707942818242753,0.0008169300839406945,2.2545350364123275e-05,1.233876622544736,0.0008169300839406945
network_family_04,1,1,1.4688518183493955e-05,0.00011206160320694851,4.05947404461604e-06,1.317187101554029,0.00011206160320694851
network_family_05,1,1,0.0004616470914808692,0.003521996742006642,9.003799873245655e-05,1.2149812140760634,0.003521996742006642
network_family_06,1,1,0.00039995604147853315,0.0030513435501448227,0.0001490454333842772,1.4485039286258437,0.0030513435501448227
network_family_07,3,2,2.440036724032693e-05,0.00018615521576996295,6.912057936283339e-06,1.2644187096283828,0.00018615521576996295
network_family_08,3,3,5.321392678636257e-06,4.0597954634512334e-05,3.362885847838093e-07,1.1047956761659266,4.0597954634512334e-05
network_family_09,1,1,2.7617469944559453e-05,0.00021069912702187054,3.2599075741338715e-05,3.0672714227785725,0.00021069912702187054
network_family_10,1,1,1.6099405600672537e-11,1.2282554167496995e-10,4.9200656157800805e-11,11.250583011357952,1.2282554167496995e-10
