Network Family,#Networks,Mean,Std,Median,75%,90%,95%,Min,Max
network_family_01,2,0.019697853635973584,0.011315880895115024,0.027004154335183172,0.027706145612579534,0.02790517663605443,0.027971520310546064,0.0031084109724833237,0.028037863985037697
network_family_02,1,0.006974281899112465,0.0023835736149060843,0.006974281899112465,0.007817002432391177,0.008322634752358405,0.008491178859014147,0.00528884083255504,0.00865972296566989
network_family_03,1,0.002245623506306659,0.00313514128485719,0.0008149498488533231,0.0022848397444242786,0.006866251618051364,0.007825586729696986,0.00012339597520640643,0.008896531110951988
network_family_04,1,0.00029539960255004757,0.0003972807445976904,0.00014210358578151637,0.0004191650840849701,0.0007425814367527035,0.0008686045829951183,1.4650038357034365e-05,0.0020873986041140065
network_family_05,1,0.005584467665556288,0.008394932129833409,0.0013968421848834522,0.005728835119727519,0.014817853008939876,0.020971580199243035,0.0005279028035754524,0.02712530738954619
network_family_06,1,0.008550885518394032,0.01079563191069061,0.0026998636901662313,0.009223509674423685,0.026192299990450148,0.027087668850339416,0.0004993800440364478,0.027983037710228684
network_family_07,3,0.0071516282668165525,0.021906652261278983,0.00033368510329332974,0.0013724897999800954,0.01526891904480877,0.038379588775090165,1.6927840296744312e-05,0.12462503668391096
network_family_08,3,0.006695233692990241,0.019014278095421232,4.357144497587431e-05,0.001318165540158639,0.018906667844010624,0.04258648481766152,2.9585708018280897e-06,0.09635776044061849
network_family_09,1,0.002473925861436806,0.008928120031998995,0.00011720406254712831,0.000630930063536456,0.002297194625705348,0.008875739625578987,1.7468236287769905e-05,0.04971079182950733
network_family_10,1,0.001290314785260411,0.004057840268329881,4.899535861185364e-05,0.00022876573755985485,0.0033435988996698505,0.006142055067551679,5.6021720105021954e-11,0.024628488087565577
